Beef 4 Star Lean Mince,COLES,8.50,17.00,/a/national/product/coles-beef-mince-4-star-lean
Beef 3 Star Regular Mince,COLES,12.00,12.00,/a/national/product/coles-beef-mince-3-star
Bolognese with Chunky Tomato Garlic & Herbs Pasta Sauce,COLES,3.30,6.60,/a/national/product/leggos-bolognese-with-chunky-tomato-garlic-herbs-pasta-sauce
Beef 5 Star Extra Lean Mince,COLES,10.00,20.00,/a/national/product/coles-beef-lean-5-star-mince
Beef 4 Star Lean Mince,COLES,12.00,15.00,/a/national/product/coles-rr-9x7-beef-lean-mince-3449773p
Beef 3 Star Regular Mince,COLES,7.00,14.00,/a/national/product/coles-beef-mince-3-star-8850188p
Beef Stir Fry Strips,COLES,11.00,22.00,/a/national/product/coles-beef-stir-fry-9990965p
No Added Hormone Beef Quick Cook VSP Scotch Fillet Steak,COLES,7.00,41.20,/a/national/product/coles-quick-cook-beef-scotch-fillet
Graze Grass Fed Beef Mince,COLES,9.00,18.00,/a/national/product/graze-grassfed-beef-mince
Beef Sizzle Steak,COLES,12.00,30.00,/a/national/product/coles-beef-sizzle-steak
Beef Diced,COLES,11.00,22.00,/a/national/product/coles-beef-diced
Beef Rump Steak,COLES,14.45,17.12,/a/national/product/coles-beef-rump-steak-3-4-pieces
Beef Quick VSP Porterhouse Steak,COLES,7.00,38.90,/a/national/product/coles-quick-cook-beef-porterhouse
Beef Chuck Casserole Steak,COLES,15.82,18.00,/a/national/product/coles-beef-chuck-casserole-steak-4-5-pieces
Corned Silverside,COLES,13.50,9.00,/a/national/product/corned-silverside
No Added Hormone Beef Sandwich Steak,COLES,10.00,25.00,/a/national/product/coles-beef-sandwich-sizzle-steak
Beef Gravy,COLES,10.94,18.00,/a/national/product/coles-beef-gravy-steak-1-2-pieces
Beef Porterhouse Steak,COLES,23.92,26.00,/a/national/product/drovers-choice-beef-porterhouse-steak
Beef Scotch Steak,COLES,22.22,41.00,/a/national/product/coles-beef-scotch-fillet-steak-2-3-pieces
Beef Blade Steak,COLES,16.00,16.00,/a/national/product/coles-beef-bbq-steak-value-pack
Graze Grassfed Beef Scotch Fillet Steak,COLES,10.00,40.00,/a/national/product/coles-graze-grassfed-bef-scotch-fillet-steak
Beef Rump Steak,COLES,13.18,27.00,/a/national/product/coles-beef-rump-steak-1-2-pieces
No Added Hormone Beef Scotch Steak 2 pack,COLES,21.00,41.20,/a/national/product/coles-soctch-fillet-steak
Beef Scotch Fillet Thinly Sliced No Added Hormone,COLES,17.00,42.50,/a/national/product/coles-no-added-hormone-beef-11x5-scotch-fillet
Beef Blade Roast,COLES,17.75,12.50,/a/national/product/coles-beef-roast-bolar-blade
Beef Ribs,COLES,7.47,11.50,/a/national/product/coles-beef-ribs-2888519p
No Added Hormone Beef Brisket Slow Cook,COLES,19.20,16.00,/a/national/product/coles-beef-brisket
Choice Beef Rump Steak,COLES,5.00,21.74,/a/national/product/drovers-crossing-bef-rr-rump-steak
No Added Hormone Beef Porterhouse Steak 2 pack,COLES,18.00,37.50,/a/national/product/coles-bef-porterhouse-steak
Beef T-Bone Steak,COLES,8.36,22.00,/a/national/product/coles-beef-t-bone-steak-3162188p
Graze Grassfed Beef Rump Steak,COLES,10.00,33.30,/a/national/product/coles-graze-grassfed-bef-rump-steak-3855275p
Beef Rump Steak,COLES,19.11,21.00,/a/national/product/drovers-choice-beef-rump-steak
Beef T Bone Steak,COLES,16.46,22.00,/a/national/product/coles-beef-t-bone-steak-2-3-pieces
Lean Salt Reduced Beef Corned Silverside,COLES,14.00,14.00,/a/national/product/coles-beef-corned-silverside-salt-reduced
Beef Steaks Herb Crumb,COLES,8.30,24.41,/a/national/product/coles-no-added-hormones-beef-steak-crumbed
Italian Recipe Beef And Pork Mince,COLES,9.00,18.00,/a/national/product/cook-with-curtis-mince-italian-style-pork-beef
No Added Hormone Beef Roast Topside,COLES,22.10,17.00,/a/national/product/coles-beef-roast-topside-3492637p
Beef Family Roast,COLES,26.35,15.50,/a/national/product/coles-beef-family-roast
Beef Corned Silverside Bulk,COLES,24.64,8.80,/a/national/product/coles-beef-corned-silverside-half
Beef And Pork Meat Loaf,COLES,10.00,16.67,/a/national/product/coles-bef-and-pork-meat-loaf
Beef Eye Fillet,COLES,20.00,46.50,/a/national/product/coles-beef-eye-fillet-whole-8598704p
Plant Based Burger Patties,COLES,11.00,48.67,/a/national/product/the-beyond-burger
Angus Beef Scotch Fillet,COLES,17.64,49.00,/a/national/product/coles-finest-angus-beef-scotch-fillet
Plant Based Sausages,COLES,7.00,20.00,/a/national/product/the-alternative-meat-co-sausages
Veal Sizzle Steak,COLES,16.00,40.00,/a/national/product/richmond-valley-veal-sizzle-steak
Silverside,COLES,3.50,23.30,/a/national/product/primo-dx-coles-silverside
Beef Porterhouse Steak,COLES,18.02,37.00,/a/national/product/coles-beef-porterhouse-steak-3-pieces
Beef Scotch Steak With Truffle Butter,COLES,11.00,41.50,/a/national/product/coles-no-added-hormones-scotch-with-butter
Angus Beef Porterhouse Steak,COLES,15.36,48.00,/a/national/product/coles-finest-angus-beef-porterhouse
Mexican Recipe Beef Mince,COLES,9.00,18.00,/a/national/product/cook-with-curtis-beef-mince-mexican
Veal Mince,COLES,10.50,21.00,/a/national/product/richmond-valley-veal-mince
Beef Stir Fry Free Range Organic,COLES,14.00,28.00,/a/national/product/cleavers-organic-beef-stir-fry
Beef Soup Bones,COLES,9.00,7.50,/a/national/product/coles-beef-soup-bones
Beef Blade Roast With Pastrami Rub,COLES,17.00,17.00,/a/national/product/coles-bef-blade-roast-with-pastrami-rub
Beef Graze Grass Fed Roast Slow Cook,COLES,9.90,22.00,/a/national/product/coles-graze-grassfed-beef-slow-cook-roast
No Added Hormone Beef Diced Rump Steak,COLES,17.55,27.00,/a/national/product/coles-ism-11x5-beef-diced-rump
No Added Hormone Beef Brisket Bones,COLES,7.15,6.50,/a/national/product/coles-beef-brisket-bones-2062155p
Graze Grassfed Beef New York Strip Steak,COLES,15.00,39.47,/a/national/product/coles-graze-grassfed-bef-new-york-strip-steak
Beef Oyster Blade With Pepper,COLES,19.00,19.00,/a/national/product/coles-bef-oyster-blade-with-pepper
Angus Beef Rump Steak,COLES,15.99,35.54,/a/national/product/coles-finest-rump-steak
Chinese Recipe Pork Mince,COLES,9.00,18.00,/a/national/product/cook-with-curtis-mince-chinese-style-pork-mince
Beef Ribs,COLES,18.20,13.00,/a/national/product/drovers-choice-beef-ribs-2891502p
Beef Rump Steak With Herb & Garlic Butter,COLES,13.50,38.57,/a/national/product/eight-mile-beef-rump-herb-garlic-butter
Plant Based Burgers,COLES,7.50,33.04,/a/national/product/nat-the-burger-
Roast Beef,COLES,4.20,28.00,/a/national/product/primo-coles-deli-exp-roast-bef
Korean Recipe Beef Mince,COLES,9.00,18.00,/a/national/product/cok-with-curtis-korean-bef-mince
Beef Scotch Fillet,COLES,24.36,29.00,/a/national/product/drovers-choice-beef-scotch-fillet-steak
No Added Hormone Beef Osso Bucco,COLES,16.20,18.00,/a/national/product/coles-beef-osso-bucco-2-3-pieces
Beef Cheeks,COLES,20.80,26.00,/a/national/product/coles-beef-cheeks-3491430p
Beef Porterhouse Thyme And Pepper Butter,COLES,19.00,38.00,/a/national/product/coles-bef-porterhouse-thyme-and-pepper-butter
Beef Eye Fillet Piece,COLES,49.40,38.00,/a/national/product/drovers-choice-beef-eye-fillet-piece
Beef Eye Fillet Steak,COLES,13.00,52.00,/a/national/product/eight-mile-beef-eye-fillet-steak
Slow Cooked Pulled Beef,COLES,7.50,30.00,/a/national/product/coles-slow-coked-pulled-bef
Beef Rib Eye Roast,COLES,36.00,36.00,/a/national/product/coles-finest-rib-eye-roast-2-ribs
No Added Hormone Beef Tomahawk Steak,COLES,23.10,33.00,/a/national/product/coles-no-added-hormone-bef-tomahawk-steak
Beef Rib Eye Steak with Truffle Butter,COLES,19.00,47.50,/a/national/product/eighe-mile-beef-rib-eye-steak-with-truffle
Beef Tomahawk Steak,COLES,33.00,33.00,/a/national/product/beef-tomahawk
Plant Based Burgers 4 Pack,COLES,9.00,199.10,/a/national/product/v2burger-4pk-
Beef Eye Fillet Tail,COLES,11.63,46.50,/a/national/product/coles-butcher-beef-eye-fillet-tail
Beef Rump Steak Wagyu,COLES,20.25,45.00,/a/national/product/jac-wagyu-beef-rump-steak
Meat Servery Sliced Rump Steak,COLES,21.60,27.00,/a/national/product/coles-meat-servery-sliced-rump-steak
No Added Hormone Beef Rib Eye Steak,COLES,13.02,34.00,/a/national/product/coles-beef-7x5-bone-in-rib-eye-steak
Beef Brisket Schnitzel,COLES,7.50,20.83,/a/national/product/coles-no-added-hormones-beef-brisket-schnitzel
Beef Wagyu Rump Steak,COLES,17.88,55.00,/a/national/product/coles-beef-wagyu-rump-steak
Angus Beef Eye Fillet Steak,COLES,16.90,66.00,/a/national/product/coles-finest-angus-beef-eye-fillet-steak
Beef Porterhouse Herb Pepper Crusted,COLES,14.50,38.16,/a/national/product/eight-mile-beef-porterhouse
Plant Based Braised Beef,COLES,7.50,30.00,/a/national/product/fable-plant-based-braised-bef
Beef Scotch Fillet Steak,COLES,28.50,95.00,/a/national/product/jac-wagyu-beef-wagyu-scotch-fillet-steak
Beef Porterhouse Steak,COLES,23.80,85.00,/a/national/product/jac-wagyu-beef-wagyu-porterhouse-steak
Beef Scotch Fillet Steak,COLES,10.25,41.00,/a/national/product/beef-scotch-fillet
Beef Porterhouse Steak,COLES,14.80,37.00,/a/national/product/beef-porterhouse-steak
Beef Scotch Fillet 100 Day Grain Fed,COLES,11.75,47.00,/a/national/product/servery-finest-beef-scotch-fillet
Beef Porterhouse Grain Fed,COLES,15.70,43.00,/a/national/product/servery-finest-beef-porterhouse
Veal Eye Fillet,COLES,12.48,48.00,/a/national/product/richmond-valley-veal-fillet
Wagyu Porterhouse Steak,COLES,35.63,95.00,/a/national/product/coles-beef-wagyu-porterhouse-steak
Wagyu Scotch Fillet Steak,COLES,39.60,110.00,/a/national/product/coles-beef-wagyu-scotch-fillet-steak
Wagyu Eye Fillet,COLES,39.10,115.00,/a/national/product/richmond-valley-wagyu-eye-fillet
Scotch Fillet Steak,COLES,13.23,49.00,/a/national/product/richmond-valley-veal-scotch-fillet-steak
Woolworths Diced Beef Casserole 500g,WOW,9.50,19.00,/shop/productdetails/675483/woolworths-diced-beef-casserole
Woolworths Beef Sizzle Schnitzel 400g,WOW,10.00,25.00,/shop/productdetails/686853/woolworths-beef-sizzle-schnitzel
Woolworths Beef Stir Fry 500g,WOW,12.00,24.00,/shop/productdetails/531015/woolworths-beef-stir-fry
Gravy Beef Slow Cook 400g - 750g,WOW,13.50,18.00,/shop/productdetails/675656/gravy-beef-slow-cook
Woolworths Diced Beef Heart Smart 500g,WOW,12.00,24.00,/shop/productdetails/675482/woolworths-diced-beef-heart-smart
Woolworths Beef Oyster Blade Steak 600g,WOW,13.50,22.50,/shop/productdetails/675479/woolworths-beef-oyster-blade-steak
Beef Chuck Steak Medium 400g - 700g,WOW,12.60,18.00,/shop/productdetails/675632/beef-chuck-steak-medium
Woolworths Grassfed Beef Stir Fry 500g,WOW,13.00,26.00,/shop/productdetails/678361/woolworths-grassfed-beef-stir-fry
Woolworths Beef Rump Steak Medallion Small 300g,WOW,10.00,33.33,/shop/productdetails/675478/woolworths-beef-rump-steak-medallion-small
Woolworths Cook Beef Pepper Steaks 300g,WOW,7.00,23.33,/shop/productdetails/54241/woolworths-cook-beef-pepper-steaks
Woolworths Grass Fed Scotch Fillet Steak 270g,WOW,15.00,55.56,/shop/productdetails/82229/woolworths-grass-fed-scotch-fillet-steak
Woolworths Beef Chuck 800g - 1.3kg,WOW,23.40,18.00,/shop/productdetails/141203/woolworths-beef-chuck
Woolworths Corned Beef Silverside 1kg - 2.1kg,WOW,21.00,10.00,/shop/productdetails/148345/woolworths-corned-beef-silverside
Woolworths Beef Scotch Fillet Thin Slice Whole 450g - 750g,WOW,27.75,37.00,/shop/productdetails/692995/woolworths-beef-scotch-fillet-thin-slice-whole
Woolworths Cook Slow Cooked Butterflied Beef 700g,WOW,16.00,22.86,/shop/productdetails/821037/woolworths-cook-slow-cooked-butterflied-beef
Woolworths Cook Slow Cooked Beef Brisket 700g,WOW,16.00,22.86,/shop/productdetails/821038/woolworths-cook-slow-cooked-beef-brisket
Woolworths Porterhouse Steak With Herb & Butter 400g,WOW,16.00,40.00,/shop/productdetails/821061/woolworths-porterhouse-steak-with-herb-butter
Woolworths Beef Rump Medallions Thick Cut Steak 300g,WOW,16.00,40.00,/shop/productdetails/82223/woolworths-beef-rump-medallions-thick-cut-steak
Woolworths Beef Eye Fillet Thick Cut Steak 320g,WOW,23.00,71.88,/shop/productdetails/82224/woolworths-beef-eye-fillet-thick-cut-steak
Woolworths Beef Scotch Fillet Thick Cut Steak 300g,WOW,17.00,56.67,/shop/productdetails/82226/woolworths-beef-scotch-fillet-thick-cut-steak
Woolworths Grass Fed Beef Eye Fillet Steak 320g,WOW,21.00,65.63,/shop/productdetails/82227/woolworths-grass-fed-beef-eye-fillet-steak
Woolworths Cook Stir Fry Kit Teriyaki Beef Strips With Veges 400g,WOW,8.00,20.00,/shop/productdetails/83156/woolworths-cook-stir-fry-kit-teriyaki-beef-strips-with-veges
Woolworths Cook Classic Beef Sausage Rolls With Poppy Seed Topping 600g,WOW,9.00,15.00,/shop/productdetails/135463/woolworths-cook-classic-beef-sausage-rolls-with-poppy-seed-topping
Woolworths Porterhouse Steak With Herb & Butter 400g,WOW,16.00,40.00,/shop/productdetails/821061/woolworths-porterhouse-steak-with-herb-butter
Woolworths Diced Beef Casserole 500g,WOW,9.50,19.00,/shop/productdetails/675483/woolworths-diced-beef-casserole
Beef Chuck Steak Medium 400g - 700g,WOW,12.60,18.00,/shop/productdetails/675632/beef-chuck-steak-medium
Woolworths Beef Rump Steak Medium 270g - 750g,WOW,21.38,28.50,/shop/productdetails/675318/woolworths-beef-rump-steak-medium
Beef Rump Steak Large 700g - 1.3kg,WOW,37.05,28.50,/shop/productdetails/675636/beef-rump-steak-large
Woolworths Grass Fed Beef Eye Fillet Steak 320g,WOW,21.00,65.63,/shop/productdetails/82227/woolworths-grass-fed-beef-eye-fillet-steak
Woolworths Beef Eye Fillet Thick Cut Steak 320g,WOW,23.00,71.88,/shop/productdetails/82224/woolworths-beef-eye-fillet-thick-cut-steak
Macro Organic Lean Beef Mince 500g,WOW,12.50,25.00,/shop/productdetails/672975/macro-organic-lean-beef-mince
Woolworths Cook Chinese Bbq Style Pork With Char Siu Sauce 560g,WOW,12.00,21.43,/shop/productdetails/135629/woolworths-cook-chinese-bbq-style-pork-with-char-siu-sauce
Woolworths Cook Slow Cooked Butterflied Beef 700g,WOW,16.00,22.86,/shop/productdetails/821037/woolworths-cook-slow-cooked-butterflied-beef
Woolworths Cook Beef Strips Bulgogi Style 500g,WOW,12.00,24.00,/shop/productdetails/730125/woolworths-cook-beef-strips-bulgogi-style
Woolworths Beef Scotch Fillet Thick Cut Steak 300g,WOW,17.00,56.67,/shop/productdetails/82226/woolworths-beef-scotch-fillet-thick-cut-steak
Woolworths Cook Roast Beef With Onion & Garlic Gravy 500g,WOW,12.00,24.00,/shop/productdetails/428204/woolworths-cook-roast-beef-with-onion-garlic-gravy
Woolworths Cook Beef Strips Teriyaki Style 500g,WOW,12.00,24.00,/shop/productdetails/135627/woolworths-cook-beef-strips-teriyaki-style
Woolworths The Cooks Cuts Beef Brisket 550g - 1.1kg,WOW,17.60,16.00,/shop/productdetails/680541/woolworths-the-cooks-cuts-beef-brisket
Woolworths Grass Fed Scotch Fillet Steak 270g,WOW,15.00,55.56,/shop/productdetails/82229/woolworths-grass-fed-scotch-fillet-steak
Woolworths Grassfed Beef Stir Fry 500g,WOW,13.00,26.00,/shop/productdetails/678361/woolworths-grassfed-beef-stir-fry
"Woolworths Cook Pork, Beef & Mozzarella Meatballs 460g",WOW,9.00,19.57,/shop/productdetails/135487/woolworths-cook-pork-beef-mozzarella-meatballs
Woolworths Cook Beef Pepper Steaks 300g,WOW,7.00,23.33,/shop/productdetails/54241/woolworths-cook-beef-pepper-steaks
Bush Tomato Patties – 1kg,MeatMarket,13.99,13.99,https://pendlehillmeatmarket.com.au/product/bush-tomato-patties-1kg-2/
Yearling Eye Fillet – 1kg,MeatMarket,39.99,39.99,https://pendlehillmeatmarket.com.au/product/eye-fillet-yearling/
Yearling Cattlemans Cutlet – 1kg,MeatMarket,30.99,30.99,https://pendlehillmeatmarket.com.au/product/yearling-cattlemans-cutlet/
Yearling T-Bone Steak – 1kg,MeatMarket,25.99,25.99,https://pendlehillmeatmarket.com.au/product/yearling-t-bone-steak/
Yearling Scotch Fillet – 1kg – (Sliced),MeatMarket,39.99,39.99,https://pendlehillmeatmarket.com.au/product/yearling-scotch-fillet/
Beef Spare Ribs – 1kg,MeatMarket,16.99,16.99,https://pendlehillmeatmarket.com.au/product/beef-spare-ribs/
Red Wine & Garlic Marinated Steak – 1kg,MeatMarket,14.99,14.99,https://pendlehillmeatmarket.com.au/product/red-wine-garlic-marinated-steak/
Economy Rump Steak – 1kg,MeatMarket,16.99,16.99,https://pendlehillmeatmarket.com.au/product/economy-rump-steak/
Yearling Texan Style Rump Steak (Thick Cut) – 1kg,MeatMarket,22.99,22.99,https://pendlehillmeatmarket.com.au/product/texan-style-rump-steak/
Yearling Texan Style T-Bone Steak (Thick Cut) – 1kg,MeatMarket,25.99,25.99,https://pendlehillmeatmarket.com.au/product/texan-style-t-bone-steak/
Yearling Texan Style Porterhouse Steak (Thick Cut) – 800g,MeatMarket,28.99,,https://pendlehillmeatmarket.com.au/product/texan-style-porterhouse-steak/
Yearling Tomahawk Steak – 1kg,MeatMarket,29.99,29.99,https://pendlehillmeatmarket.com.au/product/yearling-tomahawk-steak/
American Style Beef Ribs – Hickory – 1kg,MeatMarket,5.99,5.99,https://pendlehillmeatmarket.com.au/product/american-style-beef-ribs-hickory/
Yearling Diced Beef – 1kg,MeatMarket,19.99,19.99,https://pendlehillmeatmarket.com.au/product/diced-beef/
Black Bean Beef Stirfry – 1kg,MeatMarket,13.99,13.99,https://pendlehillmeatmarket.com.au/product/black-bean-beef-stirfry/
Yearling BBQ Steak – Bone In – 1kg,MeatMarket,14.99,14.99,https://pendlehillmeatmarket.com.au/product/yearling-bbq-steak-bone-in/
Yearling Standing Rib Roast – 2kg,MeatMarket,59.99,,https://pendlehillmeatmarket.com.au/product/standing-rib-roast/
Yearling Gravy Beef – 1kg,MeatMarket,18.99,18.99,https://pendlehillmeatmarket.com.au/product/yearling-gravy-beef/
Yearling Boneless Sirloin Steak – 1kg,MeatMarket,31.99,31.99,https://pendlehillmeatmarket.com.au/product/yearling-boneless-sirloin-steak/
Osso Bucco – 1kg,MeatMarket,14.99,14.99,https://pendlehillmeatmarket.com.au/product/osso-bucco/
Yearling Round Steak – 1kg,MeatMarket,21.99,21.99,https://pendlehillmeatmarket.com.au/product/yearling-round-steak/
Roasting Beef – 2kg,MeatMarket,36.99,,https://pendlehillmeatmarket.com.au/product/roasting-beef-2kg/
Yearling Chuck Steak – 1kg,MeatMarket,17.99,17.99,https://pendlehillmeatmarket.com.au/product/yearling-chuck-steak/
Yearling Boneless Blade Steak – 1kg,MeatMarket,17.99,17.99,https://pendlehillmeatmarket.com.au/product/yearling-boneless-blade-steak/
Yearling Minute Steak – 1kg,MeatMarket,23.99,23.99,https://pendlehillmeatmarket.com.au/product/yearling-minute-steak/
Pepper Steak – 1kg,MeatMarket,14.99,14.99,https://pendlehillmeatmarket.com.au/product/pepper-steak/
Beef Stroganoff – 1kg,MeatMarket,19.99,19.99,https://pendlehillmeatmarket.com.au/product/beef-stroganoff/
Brisket On The Bone – Soup Meat – 1kg,MeatMarket,11.99,11.99,https://pendlehillmeatmarket.com.au/product/brisket-on-the-bone-soup-meat/
Yearling Sirloin Steak Bone In – 1kg,MeatMarket,21.99,21.99,https://pendlehillmeatmarket.com.au/product/sirloin-steak/
Yearling Topside Steak – 1kg,MeatMarket,21.99,21.99,https://pendlehillmeatmarket.com.au/product/topside-steak/
Yearling Rump Steak – 1kg,MeatMarket,22.99,22.99,https://pendlehillmeatmarket.com.au/product/yearling-rump-steak/
Beef Marrow Bone – each (whole),MeatMarket,7.00,,https://pendlehillmeatmarket.com.au/product/beef-marrow-bones-whole/
Corned Silverside – 2kg,MeatMarket,25.99,,https://pendlehillmeatmarket.com.au/product/corned-silverside/
Beef Soup Bones – 1kg,MeatMarket,1.99,1.99,https://pendlehillmeatmarket.com.au/product/beef-soup-bones/
Chuck On The Bone – 1kg,MeatMarket,13.99,13.99,https://pendlehillmeatmarket.com.au/product/chuck-on-the-bone/
[Frozen] Wagyu brisket  Mb 4~5   /pk(620g),Meat4u,17.80,,/collections/premium-beef/products/frozen-wagyu-brisket-%EC%99%80%EA%B7%9C-%EC%B0%A8%EB%8F%8C%EB%B0%95%EC%9D%B4-pk620g?variant=39323839824068
[Fresh] Wagyu intercostal  Mb 4~5 ,Meat4u,13.65,,/collections/premium-beef/products/fresh-wagyu-intercostal-%EC%99%80%EA%B7%9C-%EB%8A%91%EA%B0%84%EC%82%B4-pk620g?variant=39330031304900
[Fresh] Wagyu intercostal  Mb 4~5 ,Meat4u,29.65,,/collections/premium-beef/products/fresh-wagyu-intercostal-%EC%99%80%EA%B7%9C-%EB%8A%91%EA%B0%84%EC%82%B4-pk620g?variant=39330031337668
[Fresh] Wagyu Short rib Mb 4~5  ,Meat4u,21.70,,/collections/premium-beef/products/fresh-wagyu-short-rib-5-7-%EC%99%80%EA%B7%9C-%EC%A7%84%EA%B0%88%EB%B9%84%EC%82%B4-pk620g?variant=39361409253572
[Fresh] Wagyu Short rib Mb 4~5  ,Meat4u,49.90,,/collections/premium-beef/products/fresh-wagyu-short-rib-5-7-%EC%99%80%EA%B7%9C-%EC%A7%84%EA%B0%88%EB%B9%84%EC%82%B4-pk620g?variant=39344257532100
[Fresh] Assorted Wagyu BBQ  Mb 4~5    /pk (1kg),Meat4u,54.00 60.00,54.00 60.00,/collections/premium-beef/products/fresh-wagyu-mixed-bbq-%EC%99%80%EA%B7%9C-%EB%AA%A8%EB%93%AC-%EA%B5%AC%EC%9D%B4-6-7-grade-pk1kg?variant=39697095917764
[Frozen] Wagyu Slice for hotpot & Shabu Mb 7 /pk(620g)),Meat4u,15.30,,/collections/premium-beef/products/frozen-wagyu-slice-for-hotpot-7-%EC%99%80%EA%B7%9C%EC%83%A4%EB%B8%8C%EC%83%A4%EB%B8%8C-pk620g?variant=39323839955140
[Fresh] Wagyu Oyster blade cutted Mb 4~5  ,Meat4u,14.50 15.75,,/collections/premium-beef/products/fresh-wagyu-oyster-blade-cutted-4-5-%EC%99%80%EA%B7%9C-%EB%B6%80%EC%B1%84%EC%82%B4-pk620g?variant=39361841725636
[Fresh] Wagyu Oyster blade cutted Mb 4~5  ,Meat4u,32.30 35.40,,/collections/premium-beef/products/fresh-wagyu-oyster-blade-cutted-4-5-%EC%99%80%EA%B7%9C-%EB%B6%80%EC%B1%84%EC%82%B4-pk620g?variant=39361211171012
[Fresh] Wagyu chuck tail flap Mb 4 ~5 ,Meat4u,19.30 21.70,,/collections/premium-beef/products/fresh-wagyu-chuck-tail-flap-4-5%EC%99%80%EA%B7%9C-%EC%82%B4%EC%B9%98%EC%82%B4-pk620g?variant=39344570925252
[Fresh] Wagyu chuck tail flap Mb 4 ~5 ,Meat4u,44.15 45.50,,/collections/premium-beef/products/fresh-wagyu-chuck-tail-flap-4-5%EC%99%80%EA%B7%9C-%EC%82%B4%EC%B9%98%EC%82%B4-pk620g?variant=39344570958020
[Fresh] Wagyu Brisket Mb 4~5  ,Meat4u,7.00,,/collections/premium-beef/products/fresh-wagyu-brisket-%EC%99%80%EA%B7%9C-%EC%96%91%EC%A7%80%EB%A8%B8%EB%A6%AC-pk620g?variant=39473121460420
[Fresh] Wagyu Brisket Mb 4~5  ,Meat4u,13.50,,/collections/premium-beef/products/fresh-wagyu-brisket-%EC%99%80%EA%B7%9C-%EC%96%91%EC%A7%80%EB%A8%B8%EB%A6%AC-pk620g?variant=39473121493188
[Frozen] Wagyu Sliced Tongue (Full blood)  /pk,Meat4u,34.72,,/collections/premium-beef/products/frozen-wagyu-sliced-tongue-%EC%99%80%EA%B7%9C-%EC%86%8C%ED%98%80-pk620g?variant=39323845329092
[Fresh] Wagyu Deckle Mb 4~5,Meat4u,19.00 20.25,,/collections/premium-beef/products/fresh-wagyu-deckle-mb-4-5-pack620g?variant=39473035673796
[Fresh] Wagyu Deckle Mb 4~5,Meat4u,43.40 46.50,,/collections/premium-beef/products/fresh-wagyu-deckle-mb-4-5-pack620g?variant=39473035706564
[Frozen] Wagyu Tartare  (420g)/pk,Meat4u,12.20,,/collections/premium-beef/products/frozen-wagyu-tartare-%EC%9C%A1%ED%9A%8C%EC%9A%A9-620g-pk?variant=39323841560772
[Frozen] Diced Wagyu Beef  for soup Mb 4~5   /300g,Meat4u,10.00,,/collections/premium-beef/products/frozen-diced-wagyu-beef-for-soup-300g-%EB%83%89%EB%8F%99-%EC%99%80%EA%B7%9C-%EA%B5%AD%EA%B1%B0%EB%A6%AC?variant=39323848376516
[Frozen] Beef rib for stew /pk(1kg),Meat4u,21.00,21.00,/collections/premium-beef/products/frozen-beef-rib-for-stew-%EC%86%8C%EA%B0%88%EB%B9%84%ED%83%95%EC%9A%A9-pk1kg?variant=39323840381124
[Frozen] Beef marrow bones /pk(1kg),Meat4u,5.50,5.50,/collections/premium-beef/products/frozen-beef-marrow-bones-%EC%82%AC%EA%B3%A8-pk1kg?variant=39323837923524
[Frozen] Wagyu Slice 2mm Mb 7  /pk(620g),Meat4u,15.30,,/collections/premium-beef/products/frozen-wagyu-slice-for-stir-fry-%EC%99%80%EA%B7%9C-%EB%B6%88%EA%B3%A0%EA%B8%B0%EA%B0%90-7-2mm-pk620g?variant=39323839365316
[Fresh] Wagyu Flap meat Mb 4~5  ,Meat4u,14.50,,/collections/premium-beef/products/fresh-wagyu-flap-meat-mbs4-5-%EC%99%80%EA%B7%9C-%EC%95%8C%EC%B9%98%EB%A7%88%EC%82%B4-pk620g?variant=39361400963268
[Fresh] Wagyu Flap meat Mb 4~5  ,Meat4u,33.50,,/collections/premium-beef/products/fresh-wagyu-flap-meat-mbs4-5-%EC%99%80%EA%B7%9C-%EC%95%8C%EC%B9%98%EB%A7%88%EC%82%B4-pk620g?variant=39344318546116
[Frozen] Beef tendon  /pk(620g),Meat4u,10.80,,/collections/premium-beef/products/frozen-beef-tendon-%EC%86%8C-%EC%8A%A4%EC%A7%80-pk620g?variant=39323839889604
[Fresh] Wagyu oyster blade cutted  Mb 8~9  ,Meat4u,22.75,,/collections/premium-beef/products/fresh-wagyu-oyster-blade-cutted-9-grade-%EC%99%80%EA%B7%9C-%EB%B6%80%EC%B1%84%EC%82%B4-pk620g?variant=39361431077060
[Fresh] Wagyu oyster blade cutted  Mb 8~9  ,Meat4u,52.70,,/collections/premium-beef/products/fresh-wagyu-oyster-blade-cutted-9-grade-%EC%99%80%EA%B7%9C-%EB%B6%80%EC%B1%84%EC%82%B4-pk620g?variant=39361213071556
[Frozen] Wagyu beef tail cutted  ()/pk(1kg),Meat4u,29.50,29.50,/collections/premium-beef/products/frozen-wagyu-beef-tail-cutted-%EC%99%80%EA%B7%9C-%EC%86%8C%EA%BC%AC%EB%A6%AC-pk1kg?variant=39323838415044
[Fresh] Wagyu Rump steak potion Mb 4~5 /pk(310~330g),Meat4u,19.50 25.00,,/collections/premium-beef/products/fresh-wagyu-rump-steak-7-potion-pk310-330g?variant=39323841003716
[Fresh] Assorted Wagyu BBQ Mb 8~9    / pk(1kg),Meat4u,71.90 79.80,71.90 79.80,/collections/premium-beef/products/fresh-wagyu-mixed-bbq-%EC%99%80%EA%B7%9C-%EB%AA%A8%EB%93%AC-%EA%B5%AC%EC%9D%B4-9-grade-pk1kg?variant=39323838709956
[Fresh] Marbling Avengers Mb 8~9   /pk(1kg),Meat4u,86.90,86.90,/collections/premium-beef/products/special-marbling-avengers-%EB%A7%88%EB%B8%94-%EC%96%B4%EB%B2%A4%EC%A0%B8%EC%8A%A4-1kg-pack?variant=39323847033028
[whole pack] Wagyu  Shin Shank Mb 5   /kg,Meat4u,23.90,23.90,/collections/premium-beef/products/whole-packwagyu-shin-shank-5-%EC%95%84%EB%A1%B1%EC%82%AC%ED%83%9C-kg?variant=39323847065796
[Frozen] Wagyu Slice 2mm Mb 9   /pk(620g),Meat4u,19.90,,/collections/premium-beef/products/frozen-wagyu-beef-slice-%EC%99%80%EA%B7%9C-%EB%B6%88%EA%B3%A0%EA%B8%B0%EA%B0%90-2mm-9-pk620g?variant=39323839332548
[Fresh] Wagyu inside skirt Mb 4~5  ,Meat4u,12.00,,/collections/premium-beef/products/fresh-wagyu-inside-skirt-mb-4-5-%EC%99%80%EA%B7%9C-%EC%95%88%EC%B0%BD%EC%82%B4?variant=39518166876356
[Fresh] Wagyu inside skirt Mb 4~5  ,Meat4u,26.20,,/collections/premium-beef/products/fresh-wagyu-inside-skirt-mb-4-5-%EC%99%80%EA%B7%9C-%EC%95%88%EC%B0%BD%EC%82%B4?variant=39518166909124
[Frozen] Beef small intestines ( )/pk(620g),Meat4u,8.90,,/collections/premium-beef/products/frozen-beef-small-intestines-%EA%B3%B1%EC%B0%BD%EC%86%90%EC%A7%88-%EB%90%A8-pk620g?variant=39323840151748
[Fresh] Wagyu short rib Mb 8~ 9  ,Meat4u,35.90,,/collections/premium-beef/products/fresh-wagyu-short-rib-9%EC%99%80%EA%B7%9C-%EC%A7%84%EA%B0%88%EB%B9%84%EC%82%B4-pk620g?variant=39473080500420
[Fresh] Wagyu short rib Mb 8~ 9  ,Meat4u,85.50,,/collections/premium-beef/products/fresh-wagyu-short-rib-9%EC%99%80%EA%B7%9C-%EC%A7%84%EA%B0%88%EB%B9%84%EC%82%B4-pk620g?variant=39473080533188
[Fresh] Angus fresh LA ribs  LA/pk,Meat4u,29.90,,/collections/premium-beef/products/fresh-angus-fresh-la-ribs-%EC%83%9D-la%EA%B0%88%EB%B9%84-pk?variant=39323838021828
[Frozen] Beef large intestines /pk (620g),Meat4u,9.90,,/collections/premium-beef/products/frozen-beef-large-intestines-%EB%8C%80%EC%B0%BD-pk-620g?variant=39323840184516
[Frozen] Angus Beef frozen LA rib  LA /pk,Meat4u,27.00,,/collections/premium-beef/products/frozen-angus-beef-frozen-la-rib-%EC%95%B5%EA%B1%B0%EC%8A%A4-la%EA%B0%88%EB%B9%84-pk?variant=39323838054596
[Fresh] Wagyu strip loin potion Mb 4~5 /pk(310~330g),Meat4u,25.00,,/collections/premium-beef/products/fresh-wagyu-strip-loin-6-potion-pk310-330g?variant=39344332734660
[Fresh] Wagyu boneless Rib eye roll Mb 8~9,Meat4u,34.50,,/collections/premium-beef/products/fresh-wagyu-boneless-rib-eye-roll-9-pk310g-350g?variant=39330585280708
[Whole Pack] Wagyu inside skirt Mb 4~5   /kg,Meat4u,27.00,27.00,/collections/premium-beef/products/whole-pack-wagyu-inside-skirt-whole-pack-%EC%99%80%EA%B7%9C-%EC%95%88%EC%B0%BD%EC%82%B4-kg?variant=39323838808260
[Frozen] Beef sliced tongue /pk(620g),Meat4u,16.40,,/collections/premium-beef/products/frozen-beef-sliced-tongue-%EC%86%8C%ED%98%80-pk620g?variant=39323838447812
[Fresh] Beef rib for stew /pk(1kg),Meat4u,27.00,27.00,/collections/premium-beef/products/fresh-beef-rib-for-stew-%EC%86%8C%EA%B0%88%EB%B9%84%EC%B0%9C%EC%9A%A9-pk1kg?variant=39323837890756
[Frozen] Wagyu Slice for pancake  Mb 4~5   420g,Meat4u,12.50,,/collections/premium-beef/products/frozen-wagyu-slice-for-pancake-%EC%99%80%EA%B7%9C-%EC%9C%A1%EC%A0%84%EC%9A%A9-430g?variant=39323845132484
[Fresh] Angus Beef flat ribs  /pk(1kg),Meat4u,34.00,34.00,/collections/premium-beef/products/fresh-angus-beef-flat-ribs-%EC%86%8C-%ED%8E%B8%EA%B0%88%EB%B9%84-pk1kg?variant=39323837989060
[WholePack] Wagyu intercostal Mb 4~5 /kg,Meat4u,30.00,30.00,/collections/premium-beef/products/wholepack-wagyu-intercostal-mb-4-5%EC%99%80%EA%B7%9C-%EB%8A%91%EA%B0%84%EC%82%B4-kg?variant=39671283220676
[Frozen] Wagyu Chuck Roll Mb 4~5   ,Meat4u,9.50,,/collections/premium-beef/products/fresh-wagyu-chuck-roll-mb-4-5-%EC%99%80%EA%B7%9C-%EC%B2%99%EB%A1%A4-%EC%9E%A5%EC%A1%B0%EB%A6%BC%EC%9A%A9?variant=39500309102788
[Frozen] Wagyu Chuck Roll Mb 4~5   ,Meat4u,19.80,,/collections/premium-beef/products/fresh-wagyu-chuck-roll-mb-4-5-%EC%99%80%EA%B7%9C-%EC%B2%99%EB%A1%A4-%EC%9E%A5%EC%A1%B0%EB%A6%BC%EC%9A%A9?variant=39500309135556
[Whole Pack] Wagyu Chuck Tail Flap Mb 4 ~5 ,Meat4u,66.00,,/collections/premium-beef/products/fresh-wagyu-chuck-tail-flap-4-5%EC%99%80%EA%B7%9C-%EC%82%B4%EC%B9%98%EC%82%B4-pk250g?variant=39329659519172
[Fresh] Wagyu Eye filet  potion Mb 4~5   /pk(310~330g),Meat4u,22.00,,/collections/premium-beef/products/fresh-wagyu-eye-filet-6-potion-pk310-330g?variant=39323841036484
[Whole Pack] Wagyu tentder loin Mb 4~5 /kg,Meat4u,63.40,63.40,/collections/premium-beef/products/whole-pack-wagyu-tentder-loin-%EC%95%88%EC%8B%AC-whole-pack-kg?variant=39323839103172
[Fresh] Wagyu Chuck Rib Meat Mb 4~5  ,Meat4u,19.50 20.10,,/collections/premium-beef/products/fresh-wagyu-chuck-rib-meat-%EC%99%80%EA%B7%9C-%EB%B3%B8%EA%B0%88%EB%B9%84%EC%82%B4-5-7-grade-pk620g?variant=39473122934980
[Fresh] Wagyu Chuck Rib Meat Mb 4~5  ,Meat4u,44.80 46.10,,/collections/premium-beef/products/fresh-wagyu-chuck-rib-meat-%EC%99%80%EA%B7%9C-%EB%B3%B8%EA%B0%88%EB%B9%84%EC%82%B4-5-7-grade-pk620g?variant=39330642952388
[Frozen] Ox feet /pk(1kg),Meat4u,9.00,9.00,/collections/premium-beef/products/frozen-ox-feet-%EC%9A%B0%EC%A1%B1-pk1kg?variant=39323837956292
[Fresh] Wagyu Loin Special Mb 8~9 Set  (++)/kg,Meat4u,85.50,85.50,/collections/premium-beef/products/fresh-wagyu-loin-special-8-set-%EC%95%88%EB%93%B1%EC%B1%84-%EC%84%B8%ED%8A%B8%EC%95%88%EC%8B%AC-%EB%93%B1%EC%8B%AC-%EC%B1%84%EB%81%9D%EB%93%B1%EC%8B%AC-kg?variant=39323841626308
[Whole Pack] Wagyu Flap meat Mb 4~5  /kg,Meat4u,41.80,41.80,/collections/premium-beef/products/whole-pack-wagyu-flap-meat-mbs-4-5-%EC%99%80%EA%B7%9C-%EC%95%8C%EC%B9%98%EB%A7%88%EC%82%B4whole-pack-kg?variant=39323839660228
[FROZEN] Angus Beef tail Cutted    /pk(1kg),Meat4u,27.50,27.50,/collections/premium-beef/products/frozen-angus-beef-tail-cutted-%EC%95%B5%EA%B1%B0%EC%8A%A4-%EC%86%8C%EA%BC%AC%EB%A6%AC-pk1kg?variant=39683640393924
[Fresh] Premium Wagyu All in One BBQ Set Mb 8~9     BBQ ,Meat4u,188.88,,/collections/premium-beef/products/fresh-premium-wagyu-all-in-one-bbq-set-%EC%99%80%EA%B7%9C-%EC%98%AC-%EC%9D%B8-%EC%9B%90-bbq-%EC%84%B8%ED%8A%B8?variant=39323848442052
[Fresh] Wagyu Strip loin potion Mb 8~9 /pk(310g~330g),Meat4u,33.90,,/collections/premium-beef/products/fresh-wagyu-strip-loin-9-potion-pk310g-330g?variant=39323840970948
[Whole pack] Wagyu strip loin Mb 9,Meat4u,90.00,,/collections/premium-beef/products/whole-pack-wagyu-strio-loin-9?variant=39323840938180
[Frozen] Wagyu Slice for hotpot & shabu Mb 9   /pk(620g),Meat4u,19.90,,/collections/premium-beef/products/frozen-wagyu-shabu-shabu-for-hot-pot-9-%EC%99%80%EA%B7%9C-%EC%83%A4%EB%B8%8C%EC%83%A4%EB%B8%8C-9-620g-pk?variant=39323840413892
[Whole pack] Wagyu Chuck Tail Flap Mb 8~9  /kg,Meat4u,87.45,87.45,/collections/premium-beef/products/whole-pack-wagyu-chuck-tail-flap-7-8-%EC%99%80%EA%B7%9C-%EC%82%B4%EC%B9%98%EC%82%B4-grade-whole-pack-kg?variant=39323839168708
[Whole pack] Wagyu chuck tail flap Mb 4~5  /kg,Meat4u,64.50,64.50,/collections/premium-beef/products/whole-pack-wagyu-chuck-tail-flap-4-5-%EC%99%80%EA%B7%9C-%EC%82%B4%EC%B9%98%EC%82%B4-whole-pack-kg?variant=39323839135940
[Whole pack] Wagyu bonless rib eye roll Mb 4~5,Meat4u,82.50,,/collections/premium-beef/products/whole-pack-wagyu-bonless-rib-eye-roll-6?variant=39323840839876
[Fresh] Wagyu Rib eye roll Mb 4~5/pcs 310g~330g,Meat4u,28.50,,/collections/premium-beef/products/fresh-wagyu-rib-eye-roll-6-pcs-310g-330g?variant=39323840774340
[Whole Pack] Wagyu eye round Mb 4~5 /kg,Meat4u,25.80,25.80,/collections/premium-beef/products/whole-pack-wagyu-eye-round-%EC%9C%A1%ED%9A%8C%EC%9A%A9-whole-pack-kg?variant=39323840020676
[Whole Pack] Wagyu Chuck Rib meat Mb 8~9   /kg,Meat4u,85.80,85.80,/collections/premium-beef/products/whole-pack-wagyu-chuck-rib-meat-%EC%99%80%EA%B7%9C-%EB%B3%B8-%EA%B0%88%EB%B9%84%EC%82%B4-9-whole-pack-kg?variant=39323838873796
[Whole Pack] Wagyu oyster blade Mb 8~9  /kg,Meat4u,80.00,80.00,/collections/premium-beef/products/whole-pack-wagyu-oyster-blade-whole-pack-9-grade-%EC%99%80%EA%B7%9C-%EB%B6%80%EC%B1%84%EC%82%B4-kg?variant=39323838611652
[Whole pack] Wagyu short rib Mb 4~5   /kg,Meat4u,72.60,72.60,/collections/premium-beef/products/whole-pack-wagyu-short-rib-5-7-whole-pack-%EC%99%80%EA%B7%9C-%EC%A7%84%EA%B0%88%EB%B9%84%EC%82%B4-kg?variant=39323838513348
[Whole Pack] Wagyu Chuck Rib Meat Mb 4~5  ,Meat4u,70.00,,/collections/premium-beef/products/wagyu-chuck-rib-meat-mb-4-5-%EC%99%80%EA%B7%9C-%EB%B3%B8%EA%B0%88%EB%B9%84%EC%82%B4?variant=39745128628420
[Frozen] Wagyu Tartare + Sauce  + ,Meat4u,5.00,,/collections/premium-beef/products/frozen-wagyu-tartare-sauce-%EC%9C%A1%ED%9A%8C%EC%9A%A9%EA%B3%A0%EA%B8%B0-%EC%86%8C%EC%8A%A4-8%EC%9B%94-pk300g?variant=39730466029764
[WholePack] Wagyu strip loin potion Mb 4~5 /kg,Meat4u,70.00,70.00,/collections/premium-beef/products/fresh-wagyu-strip-loin-potion-mb-4-5-kg?variant=39507604013252
[Whole Pack] Wagyu Deckle Mb 4~5,Meat4u,58.00 63.00,,/collections/premium-beef/products/whole-pack-wagyu-deckle-mb-4-5?variant=39494614450372
[Whole pack] Wagyu boneless rib eye roll Mb 8~9,Meat4u,103.00,,/collections/premium-beef/products/whole-pack-wagyu-boneless-rib-eye-roll-9?variant=39323840544964
[Whole pack] Wagyu pichna(rump cap)/kg,Meat4u,45.00,45.00,/collections/premium-beef/products/whole-pack-wagyu-pichnarump-cap-kg?variant=39323840086212
[Whole Pack] Wagyu chuck rib meat Mb 4~5  /kg,Meat4u,68.50,68.50,/collections/premium-beef/products/whole-pack-wagyu-chuck-rib-meat-%EC%99%80%EA%B7%9C-%EB%B3%B8%EA%B0%88%EB%B9%84%EC%82%B4-5-7-grade-whole-pack-kg?variant=39323839299780
[Whole Pack] Wagyu Rump for Steak /kg,Meat4u,29.00,29.00,/collections/premium-beef/products/whole-pack-wagyu-rump-for-steak-whole-kg-%EC%9A%B0%EB%91%94%EC%82%B4?variant=39323839070404
[Whole Pack] Wagyu sir loin Mb 8~9 /kg,Meat4u,90.00,90.00,/collections/premium-beef/products/whole-pack-wagyu-sir-loin-%EB%93%B1%EC%8B%AC-8-whole-pack-kg?variant=39323839004868
[Whole Pack] Wagyu sir loin Mb 4~5 /kg,Meat4u,79.00,79.00,/collections/premium-beef/products/whole-pack-wagyu-sir-loin-%EB%93%B1%EC%8B%AC-6-grade-whole-pack-kg?variant=39323838972100
[Whole Pack] Wagyu oyster blade Mb 4-5  /kg,Meat4u,48.00,48.00,/collections/premium-beef/products/fresh-wagyu-oyster-blade-cutted-6-7-grade-%EC%99%80%EA%B7%9C-%EB%B6%80%EC%B1%84%EC%82%B4-pk620g?variant=39664172040388
B-B Products Air Dried Wagyu Beef 100g,HarrisFarm,11.99,119.90,https://www.harrisfarm.com.au/collections/beef/collections/beef/products/bb-products-air-dried-wagyu-beef-59213
B-B Products Pastrami 100g,HarrisFarm,5.99,59.90,https://www.harrisfarm.com.au/collections/beef/collections/beef/products/bb-products-pastrami-56114
B.B Products Bresola Air Dried Beef 100g,HarrisFarm,9.49,94.90,https://www.harrisfarm.com.au/collections/beef/collections/beef/products/bb-products-air-dried-beef-59202
Beak and Sons Classic Beef Meatballs 420g,HarrisFarm,8.49,20.21,https://www.harrisfarm.com.au/collections/beef/collections/beef/products/beef-meatballs-classic-beak-sons
Beak and Sons Classic Beefy Sausages 500g,HarrisFarm,7.49,14.98,https://www.harrisfarm.com.au/collections/beef/collections/beef/products/sausages-traditional-beef-beak-sons
Beef Corned Silverside 1kg-1.5kg,HarrisFarm,19.49,12.99,https://www.harrisfarm.com.au/collections/beef/collections/beef/products/beef-corned-silverside
Beef Rump Cap 1-2.1kg,HarrisFarm,52.48,24.99,https://www.harrisfarm.com.au/collections/beef/collections/beef/products/beef-rump-cap-552190
Beef Tikka Masala with Basmati Rice and Chickpeas,HarrisFarm,39.99,10.00,https://www.harrisfarm.com.au/collections/beef/collections/beef/products/beef-tikka-masala-with-basmati-rice-chickpeas-77901
Beef Yearling Brisket 1.4-3.1kg,HarrisFarm,49.57,15.99,https://www.harrisfarm.com.au/collections/beef/collections/beef/products/harris-farm-beef-yearling-brisket-560669
Cape Grim Beef Flank Steaks 600g-1kg,HarrisFarm,27.99,27.99,https://www.harrisfarm.com.au/collections/beef/collections/beef/products/cape-grim-beef-flank-steak-602030
Cleaver's Beef Organic Porterhouse Steak 150-300g,HarrisFarm,13.80,45.99,https://www.harrisfarm.com.au/collections/beef/collections/beef/products/cleavers-beef-porterhouse-steak-organic-602520
Cleaver's Extra Lean Organic Beef Mince 500g - SHORTDATE,HarrisFarm,16.99,33.98,https://www.harrisfarm.com.au/collections/beef/collections/beef/products/cleavers-beef-extra-lean-mince-organic
Cleaver's Organic and Paleo Beef Honey Chipolatas 450g,HarrisFarm,10.49,23.31,https://www.harrisfarm.com.au/collections/beef/collections/beef/products/beef-paleo-honey-chipolatas-organic-cleavers-602503
Cleaver's Organic Beef Eye Fillets 200-350g,HarrisFarm,24.50,69.99,https://www.harrisfarm.com.au/collections/beef/collections/beef/products/cleavers-beef-eye-fillets-organic
Cleaver's Organic Beef Hotdog 275g,HarrisFarm,9.99,36.33,https://www.harrisfarm.com.au/collections/beef/collections/beef/products/cleavers-organic-beef-hotdog-602504
Cleaver's Organic Beef Rump Steak 150-350g,HarrisFarm,13.30,37.99,https://www.harrisfarm.com.au/collections/beef/collections/beef/products/cleavers-beef-rump-steak-organic-602521
Cleaver's Organic Beef Scotch Fillet 200-300g,HarrisFarm,15.90,52.99,https://www.harrisfarm.com.au/collections/beef/collections/beef/products/cleavers-beef-scotch-fillet-organic-602522
Cleaver's Organic Grass Fed Beef Chuck and Brisket Burgers x4 450g,HarrisFarm,9.99,22.20,https://www.harrisfarm.com.au/collections/beef/collections/beef/products/cleavers-beef-chuck-and-brisket-burgers-602511
Cleaver's Organic Premium Beef Mince 500g,HarrisFarm,12.99,25.98,https://www.harrisfarm.com.au/collections/beef/collections/beef/products/cleavers-beef-mince-organic-premium
Cleavers Organic Beef Meatballs 400g,HarrisFarm,9.49,23.73,https://www.harrisfarm.com.au/collections/beef/collections/beef/products/beef-meatballs-organic-cleavers
Curious Cuts Beef Chuck Rib 500-800g,HarrisFarm,23.99,29.99,https://www.harrisfarm.com.au/collections/beef/collections/beef/products/beef-chuck-curious-cuts-602034
Curious Cuts Beef Skirt Steak 750g-1.05kg,HarrisFarm,22.49,24.99,https://www.harrisfarm.com.au/collections/beef/collections/beef/products/beef-skirt-steak-curious-cuts-602036
Curious Cuts Beef Tri Tip 700g-1.1kg,HarrisFarm,32.99,29.99,https://www.harrisfarm.com.au/collections/beef/collections/beef/products/beef-tri-tip-curious-cuts-602033
Economy Beef Eye Fillet 1.4-1.8kg,HarrisFarm,44.99,29.99,https://www.harrisfarm.com.au/collections/beef/collections/beef/products/beef-eye-fillet-552100
Flinders and Co BBQ Beef Sausages 750-850g,HarrisFarm,10.19,11.99,https://www.harrisfarm.com.au/collections/beef/collections/beef/products/flinders-and-co-bbq-beef-sausages-553133
Flinders And Co Beef Cheeks with Red Wine Jus 500g,HarrisFarm,20.99,4.20,https://www.harrisfarm.com.au/collections/beef/collections/beef/products/flinders-and-co-beef-cheeks-with-red-wine-jus-553171
Flinders and Co Carbon Neutral Beef Scotch Fillet Steak 220-320g,HarrisFarm,19.20,59.99,https://www.harrisfarm.com.au/collections/beef/collections/beef/products/flinders-and-co-carbon-neutral-beef-scotch-fillet-steak-553125
Flinders and Co Carbon Neutral Beef Sirloin Steak 250-350g,HarrisFarm,15.75,44.99,https://www.harrisfarm.com.au/collections/beef/collections/beef/products/flinders-and-co-carbon-neutral-beef-sirloin-steak-553123
Flinders and Co Roast Ready Beef Sirloin 900g-1.2kg,HarrisFarm,29.99,24.99,https://www.harrisfarm.com.au/collections/beef/collections/beef/products/flinders-and-co-roast-ready-beef-sirloin-553121
Flinders and Co Wagyu Beef with BBQ Glaze 475g,HarrisFarm,20.99,4.42,https://www.harrisfarm.com.au/collections/beef/collections/beef/products/flinders-and-co-wagyu-beef-with-bbq-glaze-553170
Grass Fed Beef Girello Roast 1.8kg2.8kg,HarrisFarm,25.49,16.99,https://www.harrisfarm.com.au/collections/beef/collections/beef/products/beef-grass-fed-girello-roast-554399
Grass Fed Beef Striploin Portions 1.8-2.3kg,HarrisFarm,57.48,24.99,https://www.harrisfarm.com.au/collections/beef/collections/beef/products/grass-fed-beef-striploin-portions-552197
Kilcoy Natural Beef Burger 150g,HarrisFarm,2.99,19.93,https://www.harrisfarm.com.au/collections/beef/collections/beef/products/kilcoy-natural-beef-burger-602207
On The Farm Angus Beef Sausages 440g,HarrisFarm,6.29,14.30,https://www.harrisfarm.com.au/collections/beef/collections/beef/products/on-the-farm-gourmet-sausages-angus-beef
Origin Meats Wagyu Scotch Fillet Steak MB 6-7 260-360g,HarrisFarm,46.80,129.99,https://www.harrisfarm.com.au/collections/beef/collections/beef/products/origin-meats-wagyu-scotch-fillet-steak-553105
Origin Meats Wagyu Sirloin Steak MB 6-7 280-350g,HarrisFarm,35.00,99.99,https://www.harrisfarm.com.au/collections/beef/collections/beef/products/origin-meats-wagyu-sirloin-steak-553104
Peppercorn Extra Lean Beef Chipolatas 450g,HarrisFarm,8.99,19.98,https://www.harrisfarm.com.au/collections/beef/collections/beef/products/peppercorn-sausages-beef-chipolatas-extra-lean
Peppercorn Extra Lean Beef Sausages 450g,HarrisFarm,8.99,19.98,https://www.harrisfarm.com.au/collections/beef/collections/beef/products/peppercorn-sausages-beef-extra-lean-553356
Provenir Beef Eye Fillet Steaks 400-550g,HarrisFarm,42.89,77.99,https://www.harrisfarm.com.au/collections/beef/collections/beef/products/provenir-angus-beef-eye-fillet-steak-602099
Provenir Beef Flat Iron Steak 350-550g,HarrisFarm,19.79,35.99,https://www.harrisfarm.com.au/collections/beef/collections/beef/products/provenir-beef-flat-iron-steak
Provenir Beef Osso Bucco 350-550g,HarrisFarm,13.74,24.99,https://www.harrisfarm.com.au/collections/beef/collections/beef/products/provenir-beef-osso-bucco-602110
Provenir Beef Porterhouse Steaks 550-650g,HarrisFarm,29.24,44.99,https://www.harrisfarm.com.au/collections/beef/collections/beef/products/provenir-angus-beef-porterhouse-steak-602101
Provenir Beef Rump Steak 400-600g,HarrisFarm,19.79,32.99,https://www.harrisfarm.com.au/collections/beef/collections/beef/products/provenir-angus-beef-rump-steak-rost-biff-602102
Provenir Beef Scotch Fillets Steak 400-650g,HarrisFarm,40.94,62.99,https://www.harrisfarm.com.au/collections/beef/collections/beef/products/provenir-beef-scotch-fillet-steak-602113
Provenir Beef Tail 400-600g,HarrisFarm,12.59,20.99,https://www.harrisfarm.com.au/collections/beef/collections/beef/products/provenir-beef-tail
Provenir Lean Diced Beef 500-550g,HarrisFarm,13.19,23.99,https://www.harrisfarm.com.au/collections/beef/collections/beef/products/provenir-lean-diced-beef-602111
Provenir Premium Beef Mince 300-400g,HarrisFarm,9.20,22.99,https://www.harrisfarm.com.au/collections/beef/collections/beef/products/provenir-beef-premium-mince-602103
Swan Bay Butchers Beef Girello Roast 900g-1.25kg,HarrisFarm,22.49,17.99,https://www.harrisfarm.com.au/collections/beef/collections/beef/products/swan-bay-butchers-beef-girello-roast-602317
Swan Bay Butchers Beef Rump 1.7-3.1kg,HarrisFarm,77.47,24.99,https://www.harrisfarm.com.au/collections/beef/collections/beef/products/swan-bay-butchers-beef-rump-602321
Tara Valley Beef Grass Fed Eye Fillet Steak 200-300g,HarrisFarm,21.00,69.99,https://www.harrisfarm.com.au/collections/beef/collections/beef/products/grass-fed-tara-valley-beef-eye-fillet-steak-554385
Tara Valley Brilliant Bolognaise Beef and Pork Mince 500g,HarrisFarm,7.00,14.00,https://www.harrisfarm.com.au/collections/beef/collections/beef/products/tara-valley-beef-pork-mince-554405
Tara Valley Grass Fed 5 Star Beef Mince 500g,HarrisFarm,8.99,17.98,https://www.harrisfarm.com.au/collections/beef/collections/beef/products/tara-valley-grass-fed-beef-mince-554409
Tara Valley Grass Fed Beef Bolar Blade Steak 300-400g,HarrisFarm,8.40,20.99,https://www.harrisfarm.com.au/collections/beef/collections/beef/products/grass-fed-tara-valley-beef-bolar-blade-steak-554397
Tara Valley Grass Fed Beef Diced 400-500g,HarrisFarm,11.50,22.99,https://www.harrisfarm.com.au/collections/beef/collections/beef/products/tara-valley-grass-fed-beef-diced-554389
Tara Valley Grass Fed Beef Gravy 300-520g,HarrisFarm,10.39,19.99,https://www.harrisfarm.com.au/collections/beef/collections/beef/products/tara-valley-grass-fed-beef-gravy-554401
Tara Valley Grass Fed Beef Rib Eye on the Bone 700g-1.1kg,HarrisFarm,49.49,44.99,https://www.harrisfarm.com.au/collections/beef/collections/beef/products/tara-valley-grass-fed-beef-rib-eye-on-the-bone-554269
Tara Valley Grass Fed Beef Rump Steaks 400-700g,HarrisFarm,23.09,32.99,https://www.harrisfarm.com.au/collections/beef/collections/beef/products/tara-valley-grass-fed-beef-rump-steak-554387
Tara Valley Grass Fed Beef Scotch Fillet Steak 400-500g,HarrisFarm,30.00,59.99,https://www.harrisfarm.com.au/collections/beef/collections/beef/products/tara-valley-grass-fed-beef-scotch-fillet-steak-554386
Tara Valley Grass Fed Beef Sirloin Steaks 380-500g,HarrisFarm,20.00,39.99,https://www.harrisfarm.com.au/collections/beef/collections/beef/products/tara-valley-grass-fed-beef-sirloin-steaks-554388
Tara Valley Grass Fed Beef T Bone Steaks 300-500g,HarrisFarm,15.50,30.99,https://www.harrisfarm.com.au/collections/beef/collections/beef/products/tara-valley-grass-fed-beef-t-bone-steaks-554393
Tarra Valley Grass Fed 4 Star Beef Mince 500g,HarrisFarm,7.00,14.00,https://www.harrisfarm.com.au/collections/beef/collections/beef/products/tara-valley-grass-fed-4star-beef-mince-554404
Tarra Valley Grass Fed Beef Oyster Blade Steak 400-500g,HarrisFarm,12.00,23.99,https://www.harrisfarm.com.au/collections/beef/collections/beef/products/tara-valley-grass-fed-beef-oyster-blade-steak-554394
The Gourmet Sausage Beef Country Style Sausages 500g,HarrisFarm,9.49,18.98,https://www.harrisfarm.com.au/collections/beef/collections/beef/products/sausages-beef-country-style-500g-the-gourmet-sausage
The Gourmet Sausage Beef Parmigiano Chipolatas 465g,HarrisFarm,9.49,20.41,https://www.harrisfarm.com.au/collections/beef/collections/beef/products/sausages-beef-parmigiano-chipolata-the-gourmet-sausage-853091
